Date,Symbol,Strategy,InstrumentToken,Qty,ENTRY_trigger_type,ENTRY_trigger_price,STOPLOSS_trigger_price,TARGET_trigger_price,R,ATR14,RSI14,RSI_Above50,RSI_Overbought,MACD_Line,MACD_Signal,MACD_Hist,MACD_CrossUp,MACD_AboveZero,RSI_MACD_Confirm_D,RSI_MACD_Confirmations_OK,RSI_MACD_Notes,RSI14_Status,GoldenBull_Flag,GoldenBear_Flag,GoldenBull_Date,GoldenBear_Date,Trend_OK,RS_Leader_Flag,Notes,Explanation,DecisionConfidence,CI_low,CI_high,OOS_WinRate,OOS_ExpectancyR,Trades_OOS,CoverageNote,Confidence_Reason,Ensemble_Count,Ensemble_PassedModules,PlaceGTT,NoTradeReason,Audit_Flag,Issues,Fix_Suggestion,Pivot_Source,Entry_Logic,Stop_Logic,Target_Logic,Latest_Close,Latest_LTP,Delta_vs_Pivot_pct,Canonical_Entry,Canonical_Stop,Canonical_Target,ATR_Used,Risk_Amount,Audit_Flag,Issues,Fix_Suggestion,Pivot_Source,Entry_Logic,Stop_Logic,Target_Logic,Latest_Close,Latest_LTP,Delta_vs_Pivot_pct,Canonical_Entry,Canonical_Stop,Canonical_Target,ATR_Used,Risk_Amount
2025-12-23,,CompositeScore,,0,BELOW,4963.65,2173.36,10544.22,2.0,1860.19,99.84,True,True,3668.6339,1069.8481,2598.7859,False,True,False,False,RSI/MACD fail,Overbought,0,0,,,1,1,,"Selected via CompositeScore fallback (no active signals): ranked by score using RS_ROC20, RVOL20, Trend_OK, breakout flags. Entry=4963.65 (BELOW), Stop=2173.36 (ATR×1.5), Target=10544.22 (2R). RSI(14) ≥50 (bullish bias), MACD cross↑ & above zero with rising histogram; breakout at",0.5,0.4,0.6,0.5,0.0,0,NoModel,No OOS data available,1,TSM,False,EnsembleVote<2;RSI_MACD_Confirm_Fail;LowConfidence(0.50);Audit_FAIL,FAIL,ENTRY deviates 81.0% from canonical (26137.55),Use canonical ENTRY=26137.55 from Close; Ensure all prices are tick-rounded to NSE EQ standard (₹0.05),Close,Entry at Close (26137.55),Stop 1.5x ATR below entry (ATR=1860.19),Target 2.0R from entry (Risk=2790.30),26137.55,26137.55,-81.00950548157728,26137.550000000003,23347.25,31718.15,1860.1900000000005,2790.300000000003,FAIL,Missing indicator or latest data,Ensure symbol data is available in both datasets,,,,,0.0,0.0,0.0,0.0,0.0,0.0,0.0,0.0
2025-12-23,COALINDIA,CompositeScore,NSE_EQ|INE522F01014,120,BELOW,383.28,375.0,399.86,2.0,5.525,73.11,True,True,1.8098,0.2523,1.5576,False,True,False,False,RSI/MACD fail,Overbought,0,0,2024-05-27,2024-11-07,0,1,,"Selected via CompositeScore fallback (no active signals): ranked by score using RS_ROC20, RVOL20, Trend_OK, breakout flags. Entry=383.28 (BELOW), Stop=375.00 (ATR×1.5), Target=399.86 (2R). RSI(14) ≥50 (bullish bias), MACD cross↑ & above zero with rising histogram; breakout at Don",0.5,0.4,0.6,0.5,0.0,0,NoModel,No OOS data available,0,,False,EnsembleVote<2;RegimeFail;RSI_MACD_Confirm_Fail;LowConfidence(0.50);Audit_FAIL,FAIL,ENTRY deviates 3.2% from canonical (395.80),Use canonical ENTRY=395.80 from Close; Ensure all prices are tick-rounded to NSE EQ standard (₹0.05),Close,Entry at Close (395.80),Stop 1.5x ATR below entry (ATR=5.52),Target 2.0R from entry (Risk=8.30),395.8,395.8,-3.1632137443153208,395.8,387.5,412.4,5.52499999999999,8.300000000000011,PASS,,,Close,Entry at Close (386.25),Stop 1.5x ATR below entry (ATR=4.96),Target 2.0R from entry (Risk=7.45),385.6,385.6,-0.7689320388349585,386.25,378.8,401.15000000000003,4.964285714285702,7.449999999999989
2025-12-23,TMPV,CompositeScore,,66,BELOW,267.7,252.56,297.99,2.0,10.096,94.45,True,True,12.4598,5.8596,6.6002,False,True,False,False,RSI/MACD fail,Overbought,1,0,2025-12-23,,1,1,,"Selected via CompositeScore fallback (no active signals): ranked by score using RS_ROC20, RVOL20, Trend_OK, breakout flags. Entry=267.70 (BELOW), Stop=252.56 (ATR×1.5), Target=297.99 (2R). RSI(14) ≥50 (bullish bias), MACD cross↑ & above zero with rising histogram; breakout at Don",0.5,0.4,0.6,0.5,0.0,0,NoModel,No OOS data available,1,TSM,False,EnsembleVote<2;RSI_MACD_Confirm_Fail;LowConfidence(0.50);Audit_FAIL,FAIL,ENTRY deviates 25.3% from canonical (358.60),Use canonical ENTRY=358.60 from Close; Ensure all prices are tick-rounded to NSE EQ standard (₹0.05),Close,Entry at Close (358.60),Stop 1.5x ATR below entry (ATR=10.10),Target 2.0R from entry (Risk=15.15),358.6,358.6,-25.348577802565543,358.6,343.45000000000005,388.9,10.09571428571428,15.149999999999975,FAIL,Missing indicator or latest data,Ensure symbol data is available in both datasets,,,,,0.0,0.0,0.0,0.0,0.0,0.0,0.0,0.0
2025-12-23,TATAMOTORS,CompositeScore,NSE_EQ|INE155A01022,99,BELOW,357.9,347.88,377.93,2.0,6.679,46.68,False,False,-14.7845,-20.2612,5.4767,False,False,False,False,RSI/MACD fail,Neutral,0,0,2024-01-09,2024-11-01,0,1,,"Selected via CompositeScore fallback (no active signals): ranked by score using RS_ROC20, RVOL20, Trend_OK, breakout flags. Entry=357.90 (BELOW), Stop=347.88 (ATR×1.5), Target=377.93 (2R). RSI(14) ≥50 (bullish bias), MACD cross↑ & above zero with rising histogram; breakout at Don",0.5,0.4,0.6,0.5,0.0,0,NoModel,No OOS data available,0,,False,EnsembleVote<2;RegimeFail;RSI_MACD_Confirm_Fail;LowConfidence(0.50),PASS,,,Close,Entry at Close (359.15),Stop 1.5x ATR below entry (ATR=6.68),Target 2.0R from entry (Risk=10.00),359.15,359.15,-0.348043992760685,359.15000000000003,349.15000000000003,379.15,6.678571428571432,10.0,PASS,,,Close,Entry at Close (359.15),Stop 1.5x ATR below entry (ATR=6.68),Target 2.0R from entry (Risk=10.00),352.65,352.65,-0.348043992760685,359.15000000000003,349.15000000000003,379.15000000000003,6.678571428571432,10.0
2025-12-23,HINDALCO,CompositeScore,NSE_EQ|INE038A01020,38,BELOW,831.77,805.57,884.17,2.0,17.468,73.52,True,True,15.3283,11.2495,4.0788,False,True,False,False,RSI/MACD fail,Overbought,0,0,2025-07-10,2023-04-06,1,1,,"Selected via CompositeScore fallback (no active signals): ranked by score using RS_ROC20, RVOL20, Trend_OK, breakout flags. Entry=831.77 (BELOW), Stop=805.57 (ATR×1.5), Target=884.17 (2R). RSI(14) ≥50 (bullish bias), MACD cross↑ & above zero with rising histogram; breakout at Don",0.5,0.4,0.6,0.5,0.0,0,NoModel,No OOS data available,1,TSM,False,EnsembleVote<2;RSI_MACD_Confirm_Fail;LowConfidence(0.50);Audit_FAIL,FAIL,ENTRY deviates 4.4% from canonical (869.90),Use canonical ENTRY=869.90 from Close; Ensure all prices are tick-rounded to NSE EQ standard (₹0.05),Close,Entry at Close (869.90),Stop 1.5x ATR below entry (ATR=17.47),Target 2.0R from entry (Risk=26.20),869.9,869.9,-4.383262443959075,869.9000000000001,843.7,922.3,17.467857142857156,26.200000000000045,FAIL,ENTRY deviates 3.8% from canonical (864.55),Use canonical ENTRY=864.55 from Close; Ensure all prices are tick-rounded to NSE EQ standard (₹0.05),Close,Entry at Close (864.55),Stop 1.5x ATR below entry (ATR=17.55),Target 2.0R from entry (Risk=26.35),852.0,852.0,-3.7915678676768234,864.5500000000001,838.2,917.25,17.55000000000001,26.350000000000023
2025-12-23,UPL,CompositeScore,NSE_EQ|INE628A01036,38,BELOW,750.93,725.1,802.58,2.0,17.218,63.55,True,False,5.9775,5.4069,0.5706,True,True,True,True,RSI≥50; MACD↑ & >0; Hist↑,Neutral,0,0,2025-07-18,,1,0,,"Selected via CompositeScore fallback (no active signals): ranked by score using RS_ROC20, RVOL20, Trend_OK, breakout flags. Entry=750.93 (BELOW), Stop=725.10 (ATR×1.5), Target=802.58 (2R). RSI(14) ≥50 (bullish bias), MACD cross↑ & above zero with rising histogram; breakout at Don",0.5,0.4,0.6,0.5,0.0,0,NoModel,No OOS data available,1,TSM,False,EnsembleVote<2;RS_Not_Leader;RSI_MACD_Confirm_Fail;LowConfidence(0.50);Audit_FAIL,FAIL,ENTRY deviates 4.0% from canonical (781.85),Use canonical ENTRY=781.85 from Close; Ensure all prices are tick-rounded to NSE EQ standard (₹0.05),Close,Entry at Close (781.85),Stop 1.5x ATR below entry (ATR=17.22),Target 2.0R from entry (Risk=25.85),781.85,781.85,-3.954722772910414,781.85,756.0,833.5500000000001,17.21785714285713,25.850000000000023,FAIL,ENTRY deviates 3.3% from canonical (776.55),Use canonical ENTRY=776.55 from Close; Ensure all prices are tick-rounded to NSE EQ standard (₹0.05),Close,Entry at Close (776.55),Stop 1.5x ATR below entry (ATR=16.99),Target 2.0R from entry (Risk=25.50),751.55,751.55,-3.2992080355418203,776.5500000000001,751.0500000000001,827.5500000000001,16.992857142857133,25.5
2025-12-23,DIVISLAB,CompositeScore,NSE_EQ|INE361B01024,5,BELOW,6420.55,6231.23,6799.19,2.0,126.214,57.91,True,False,-11.3158,-24.6337,13.3179,False,False,False,False,RSI/MACD fail,Neutral,0,0,2023-03-29,,1,0,,"Selected via CompositeScore fallback (no active signals): ranked by score using RS_ROC20, RVOL20, Trend_OK, breakout flags. Entry=6420.55 (BELOW), Stop=6231.23 (ATR×1.5), Target=6799.19 (2R). RSI(14) ≥50 (bullish bias), MACD cross↑ & above zero with rising histogram; breakout at ",0.5,0.4,0.6,0.5,0.0,0,NoModel,No OOS data available,1,TSM,False,EnsembleVote<2;RS_Not_Leader;RSI_MACD_Confirm_Fail;LowConfidence(0.50),PASS,,,Close,Entry at Close (6536.50),Stop 1.5x ATR below entry (ATR=126.21),Target 2.0R from entry (Risk=189.30),6536.5,6536.5,-1.7738851067084802,6536.5,6347.200000000001,6915.1,126.21428571428572,189.29999999999927,PASS,,,Close,Entry at Close (6511.50),Stop 1.5x ATR below entry (ATR=128.46),Target 2.0R from entry (Risk=192.70),6478.5,6478.5,-1.3967595792060175,6511.5,6318.8,6896.900000000001,128.46428571428572,192.69999999999982
2025-12-23,TITAN,CompositeScore,NSE_EQ|INE280A01028,10,BELOW,3875.2,3782.89,4059.81,2.0,61.536,56.6,True,False,32.7993,29.1583,3.6409,False,True,False,False,RSI/MACD fail,Neutral,0,0,2025-05-19,2025-02-10,1,0,,"Selected via CompositeScore fallback (no active signals): ranked by score using RS_ROC20, RVOL20, Trend_OK, breakout flags. Entry=3875.20 (BELOW), Stop=3782.89 (ATR×1.5), Target=4059.81 (2R). RSI(14) ≥50 (bullish bias), MACD cross↑ & above zero with rising histogram; breakout at ",0.5,0.4,0.6,0.5,0.0,0,NoModel,No OOS data available,1,TSM,False,EnsembleVote<2;RS_Not_Leader;RSI_MACD_Confirm_Fail;LowConfidence(0.50),PASS,,,Close,Entry at Close (3938.00),Stop 1.5x ATR below entry (ATR=61.54),Target 2.0R from entry (Risk=92.30),3938.0,3938.0,-1.5947181310309848,3938.0,3845.7,4122.6,61.53571428571432,92.29999999999971,PASS,,,Close,Entry at Close (3933.80),Stop 1.5x ATR below entry (ATR=62.07),Target 2.0R from entry (Risk=93.10),3930.1,3930.1,-1.489653769891717,3933.8,3840.7000000000003,4120.0,62.071428571428605,93.09999999999991
2025-12-23,BRITANNIA,CompositeScore,NSE_EQ|INE216A01030,5,BELOW,5960.73,5792.03,6298.12,2.0,112.464,61.01,True,False,47.6562,22.7787,24.8775,False,True,False,False,RSI/MACD fail,Neutral,0,0,2025-05-07,2024-12-06,1,1,,"Selected via CompositeScore fallback (no active signals): ranked by score using RS_ROC20, RVOL20, Trend_OK, breakout flags. Entry=5960.73 (BELOW), Stop=5792.03 (ATR×1.5), Target=6298.12 (2R). RSI(14) ≥50 (bullish bias), MACD cross↑ & above zero with rising histogram; breakout at ",0.5,0.4,0.6,0.5,0.0,0,NoModel,No OOS data available,1,TSM,False,EnsembleVote<2;RSI_MACD_Confirm_Fail;LowConfidence(0.50),PASS,,,Close,Entry at Close (6057.00),Stop 1.5x ATR below entry (ATR=112.46),Target 2.0R from entry (Risk=168.70),6057.0,6057.0,-1.5894006934125875,6057.0,5888.3,6394.400000000001,112.46428571428572,168.69999999999982,FAIL,ENTRY deviates 2.0% from canonical (6083.00),Use canonical ENTRY=6083.00 from Close; Ensure all prices are tick-rounded to NSE EQ standard (₹0.05),Close,Entry at Close (6083.00),Stop 1.5x ATR below entry (ATR=110.89),Target 2.0R from entry (Risk=166.35),6103.0,6103.0,-2.0100279467368147,6083.0,5916.650000000001,6415.700000000001,110.89285714285714,166.34999999999945
2025-12-23,MARUTI,CompositeScore,NSE_EQ|INE585B01010,2,BELOW,16237.7,15892.48,16928.13,2.0,230.143,59.84,True,False,144.2743,113.3558,30.9185,False,True,False,False,RSI/MACD fail,Neutral,0,0,2025-01-31,2024-11-22,1,0,,"Selected via CompositeScore fallback (no active signals): ranked by score using RS_ROC20, RVOL20, Trend_OK, breakout flags. Entry=16237.70 (BELOW), Stop=15892.48 (ATR×1.5), Target=16928.13 (2R). RSI(14) ≥50 (bullish bias), MACD cross↑ & above zero with rising histogram; breakout ",0.5,0.4,0.6,0.5,0.0,0,NoModel,No OOS data available,1,TSM,False,EnsembleVote<2;RS_Not_Leader;RSI_MACD_Confirm_Fail;LowConfidence(0.50);Audit_FAIL,FAIL,ENTRY deviates 2.2% from canonical (16604.00),Use canonical ENTRY=16604.00 from Close; Ensure all prices are tick-rounded to NSE EQ standard (₹0.05),Close,Entry at Close (16604.00),Stop 1.5x ATR below entry (ATR=230.14),Target 2.0R from entry (Risk=345.20),16604.0,16604.0,-2.206094916887493,16604.0,16258.8,17294.4,230.14285714285717,345.1999999999989,FAIL,ENTRY deviates 2.5% from canonical (16649.00),Use canonical ENTRY=16649.00 from Close; Ensure all prices are tick-rounded to NSE EQ standard (₹0.05),Close,Entry at Close (16649.00),Stop 1.5x ATR below entry (ATR=228.21),Target 2.0R from entry (Risk=342.30),16414.0,16414.0,-2.4704186437623834,16649.0,16306.7,17333.600000000002,228.2142857142857,342.2999999999993
2025-12-23,HCLTECH,CompositeScore,NSE_EQ|INE860A01027,23,BELOW,1646.79,1604.16,1732.06,2.0,28.421,56.84,True,False,20.0676,25.9322,-5.8646,False,True,False,False,RSI/MACD fail,Neutral,0,0,2025-12-10,2025-07-15,1,0,,"Selected via CompositeScore fallback (no active signals): ranked by score using RS_ROC20, RVOL20, Trend_OK, breakout flags. Entry=1646.79 (BELOW), Stop=1604.16 (ATR×1.5), Target=1732.06 (2R). RSI(14) ≥50 (bullish bias), MACD cross↑ & above zero with rising histogram; breakout at ",0.5,0.4,0.6,0.5,0.0,0,NoModel,No OOS data available,0,,False,EnsembleVote<2;RS_Not_Leader;RSI_MACD_Confirm_Fail;LowConfidence(0.50),PASS,,,Close,Entry at Close (1661.60),Stop 1.5x ATR below entry (ATR=28.42),Target 2.0R from entry (Risk=42.65),1661.6,1661.6,-0.8913095811266216,1661.6,1618.95,1746.9,28.42142857142856,42.65000000000009,PASS,,,Close,Entry at Close (1670.30),Stop 1.5x ATR below entry (ATR=28.24),Target 2.0R from entry (Risk=42.35),1642.4,1642.4,-1.4075315811530857,1670.3000000000002,1627.95,1755.0,28.242857142857133,42.350000000000136
2025-12-23,EICHERMOT,CompositeScore,NSE_EQ|INE066A01021,5,BELOW,7137.81,6955.51,7502.42,2.0,121.536,61.2,True,False,56.7478,55.6901,1.0577,True,True,True,True,RSI≥50; MACD↑ & >0; Hist↑,Neutral,0,0,2024-04-16,2023-04-03,1,0,,"Selected via CompositeScore fallback (no active signals): ranked by score using RS_ROC20, RVOL20, Trend_OK, breakout flags. Entry=7137.81 (BELOW), Stop=6955.51 (ATR×1.5), Target=7502.42 (2R). RSI(14) ≥50 (bullish bias), MACD cross↑ & above zero with rising histogram; breakout at ",0.5,0.4,0.6,0.5,0.0,0,NoModel,No OOS data available,1,TSM,False,EnsembleVote<2;RS_Not_Leader;RSI_MACD_Confirm_Fail;LowConfidence(0.50);Audit_FAIL,FAIL,ENTRY deviates 2.3% from canonical (7308.00),Use canonical ENTRY=7308.00 from Close; Ensure all prices are tick-rounded to NSE EQ standard (₹0.05),Close,Entry at Close (7308.00),Stop 1.5x ATR below entry (ATR=121.54),Target 2.0R from entry (Risk=182.30),7308.0,7308.0,-2.3288177339901424,7308.0,7125.700000000001,7672.6,121.53571428571428,182.29999999999927,FAIL,ENTRY deviates 2.1% from canonical (7291.50),Use canonical ENTRY=7291.50 from Close; Ensure all prices are tick-rounded to NSE EQ standard (₹0.05),Close,Entry at Close (7291.50),Stop 1.5x ATR below entry (ATR=119.82),Target 2.0R from entry (Risk=179.75),7217.0,7217.0,-2.107796749639986,7291.5,7111.75,7651.0,119.82142857142856,179.75
2025-12-23,GRASIM,CompositeScore,NSE_EQ|INE047A01021,16,BELOW,2785.47,2726.25,2903.9,2.0,39.479,72.83,True,True,11.7976,1.9183,9.8794,False,True,False,False,RSI/MACD fail,Overbought,0,0,2025-04-21,2025-01-09,1,1,,"Selected via CompositeScore fallback (no active signals): ranked by score using RS_ROC20, RVOL20, Trend_OK, breakout flags. Entry=2785.47 (BELOW), Stop=2726.25 (ATR×1.5), Target=2903.90 (2R). RSI(14) ≥50 (bullish bias), MACD cross↑ & above zero with rising histogram; breakout at ",0.5,0.4,0.6,0.5,0.0,0,NoModel,No OOS data available,1,TSM,False,EnsembleVote<2;RSI_MACD_Confirm_Fail;LowConfidence(0.50),PASS,,,Close,Entry at Close (2827.60),Stop 1.5x ATR below entry (ATR=39.48),Target 2.0R from entry (Risk=59.20),2827.6,2827.6,-1.4899561465553866,2827.6000000000004,2768.4,2946.0,39.47857142857145,59.20000000000027,PASS,,,Close,Entry at Close (2809.70),Stop 1.5x ATR below entry (ATR=42.26),Target 2.0R from entry (Risk=63.40),2812.5,2812.5,-0.8623696480051257,2809.7000000000003,2746.3,2936.5,42.25714285714288,63.40000000000009
2025-12-23,LT,CompositeScore,NSE_EQ|INE018A01030,11,BELOW,4035.13,3950.1,4205.19,2.0,56.686,56.88,True,False,27.6217,28.4869,-0.8651,False,True,False,False,RSI/MACD fail,Neutral,0,0,2025-06-02,2025-02-10,1,0,,"Selected via CompositeScore fallback (no active signals): ranked by score using RS_ROC20, RVOL20, Trend_OK, breakout flags. Entry=4035.13 (BELOW), Stop=3950.10 (ATR×1.5), Target=4205.19 (2R). RSI(14) ≥50 (bullish bias), MACD cross↑ & above zero with rising histogram; breakout at ",0.5,0.4,0.6,0.5,0.0,0,NoModel,No OOS data available,1,TSM,False,EnsembleVote<2;RS_Not_Leader;RSI_MACD_Confirm_Fail;LowConfidence(0.50),PASS,,,Close,Entry at Close (4080.20),Stop 1.5x ATR below entry (ATR=56.69),Target 2.0R from entry (Risk=85.05),4080.2,4080.2,-1.104602715553152,4080.2,3995.15,4250.3,56.68571428571435,85.05000000000018,PASS,,,Close,Entry at Close (4072.40),Stop 1.5x ATR below entry (ATR=57.29),Target 2.0R from entry (Risk=85.95),4073.5,4073.5,-0.9151851488066,4072.4,3986.4500000000003,4244.3,57.2928571428572,85.94999999999982
2025-12-23,KOTAKBANK,CompositeScore,NSE_EQ|INE237A01028,21,BELOW,2148.42,2102.93,2239.41,2.0,30.329,54.7,True,False,14.9483,14.4208,0.5275,False,True,False,False,RSI/MACD fail,Neutral,0,0,2024-06-26,2024-05-09,1,0,,"Selected via CompositeScore fallback (no active signals): ranked by score using RS_ROC20, RVOL20, Trend_OK, breakout flags. Entry=2148.42 (BELOW), Stop=2102.93 (ATR×1.5), Target=2239.41 (2R). RSI(14) ≥50 (bullish bias), MACD cross↑ & above zero with rising histogram; breakout at ",0.5,0.4,0.6,0.5,0.0,0,NoModel,No OOS data available,1,TSM,False,EnsembleVote<2;RS_Not_Leader;RSI_MACD_Confirm_Fail;LowConfidence(0.50),PASS,,,Close,Entry at Close (2156.40),Stop 1.5x ATR below entry (ATR=30.33),Target 2.0R from entry (Risk=45.50),2156.4,2156.4,-0.3700612131330003,2156.4,2110.9,2247.4,30.32857142857145,45.5,PASS,,,Close,Entry at Close (2149.70),Stop 1.5x ATR below entry (ATR=31.69),Target 2.0R from entry (Risk=47.55),2159.5,2159.5,-0.05954319207330071,2149.7000000000003,2102.15,2244.8,31.69285714285716,47.55000000000018
2025-12-23,BHARTIARTL,CompositeScore,NSE_EQ|INE397D01024,20,BELOW,2096.09,2046.73,2194.81,2.0,32.907,55.18,True,False,5.976,5.9993,-0.0233,False,True,False,False,RSI/MACD fail,Neutral,0,0,2024-03-01,2023-03-31,1,0,,"Selected via CompositeScore fallback (no active signals): ranked by score using RS_ROC20, RVOL20, Trend_OK, breakout flags. Entry=2096.09 (BELOW), Stop=2046.73 (ATR×1.5), Target=2194.81 (2R). RSI(14) ≥50 (bullish bias), MACD cross↑ & above zero with rising histogram; breakout at ",0.5,0.4,0.6,0.5,0.0,0,NoModel,No OOS data available,1,TSM,False,EnsembleVote<2;RS_Not_Leader;RSI_MACD_Confirm_Fail;LowConfidence(0.50),PASS,,,Close,Entry at Close (2128.70),Stop 1.5x ATR below entry (ATR=32.91),Target 2.0R from entry (Risk=49.35),2128.7,2128.7,-1.5319208906844402,2128.7000000000003,2079.35,2227.4,32.90714285714291,49.35000000000037,FAIL,ENTRY deviates 2.4% from canonical (2147.60),Use canonical ENTRY=2147.60 from Close; Ensure all prices are tick-rounded to NSE EQ standard (₹0.05),Close,Entry at Close (2147.60),Stop 1.5x ATR below entry (ATR=32.03),Target 2.0R from entry (Risk=48.05),2097.7,2097.7,-2.3984913391692944,2147.6,2099.55,2243.7000000000003,32.02857142857147,48.04999999999973
2025-12-23,RELIANCE,CompositeScore,NSE_EQ|INE002A01018,32,BELOW,1544.41,1513.62,1606.0,2.0,20.529,62.87,True,False,13.8874,15.0578,-1.1704,False,True,False,False,RSI/MACD fail,Neutral,0,0,2025-05-14,2024-11-05,1,0,,"Selected via CompositeScore fallback (no active signals): ranked by score using RS_ROC20, RVOL20, Trend_OK, breakout flags. Entry=1544.41 (BELOW), Stop=1513.62 (ATR×1.5), Target=1606.00 (2R). RSI(14) ≥50 (bullish bias), MACD cross↑ & above zero with rising histogram; breakout at ",0.5,0.4,0.6,0.5,0.0,0,NoModel,No OOS data available,1,TSM,False,EnsembleVote<2;RS_Not_Leader;RSI_MACD_Confirm_Fail;LowConfidence(0.50),PASS,,,Close,Entry at Close (1573.00),Stop 1.5x ATR below entry (ATR=20.53),Target 2.0R from entry (Risk=30.80),1573.0,1573.0,-1.8175460902733576,1573.0,1542.2,1634.6,20.52857142857145,30.799999999999955,PASS,,,Close,Entry at Close (1575.40),Stop 1.5x ATR below entry (ATR=20.29),Target 2.0R from entry (Risk=30.45),1565.1,1565.1,-1.967119461724007,1575.4,1544.95,1636.3000000000002,20.285714285714302,30.450000000000045
2025-12-23,ADANIPORTS,CompositeScore,NSE_EQ|INE742F01042,28,BELOW,1498.46,1463.25,1568.87,2.0,23.471,46.77,False,False,6.1175,8.811,-2.6936,False,True,False,False,RSI/MACD fail,Neutral,0,0,2025-05-19,2024-11-25,1,0,,"Selected via CompositeScore fallback (no active signals): ranked by score using RS_ROC20, RVOL20, Trend_OK, breakout flags. Entry=1498.46 (BELOW), Stop=1463.25 (ATR×1.5), Target=1568.87 (2R). RSI(14) ≥50 (bullish bias), MACD cross↑ & above zero with rising histogram; breakout at ",0.5,0.4,0.6,0.5,0.0,0,NoModel,No OOS data available,1,TSM,False,EnsembleVote<2;RS_Not_Leader;RSI_MACD_Confirm_Fail;LowConfidence(0.50),PASS,,,Close,Entry at Close (1507.70),Stop 1.5x ATR below entry (ATR=23.47),Target 2.0R from entry (Risk=35.20),1507.7,1507.7,-0.6128540160509391,1507.7,1472.5,1578.1,23.471428571428586,35.200000000000045,PASS,,,Close,Entry at Close (1508.70),Stop 1.5x ATR below entry (ATR=23.56),Target 2.0R from entry (Risk=35.35),1496.4,1496.4,-0.6787300324782932,1508.7,1473.3500000000001,1579.4,23.55714285714287,35.34999999999991
2025-12-23,SBIN,CompositeScore,NSE_EQ|INE062A01020,51,BELOW,966.71,947.33,1005.48,2.0,12.921,52.81,True,False,6.5721,7.0511,-0.479,False,True,False,False,RSI/MACD fail,Neutral,0,0,2025-05-30,2025-01-15,1,0,,"Selected via CompositeScore fallback (no active signals): ranked by score using RS_ROC20, RVOL20, Trend_OK, breakout flags. Entry=966.71 (BELOW), Stop=947.33 (ATR×1.5), Target=1005.48 (2R). RSI(14) ≥50 (bullish bias), MACD cross↑ & above zero with rising histogram; breakout at Do",0.5,0.4,0.6,0.5,0.0,0,NoModel,No OOS data available,1,TSM,False,EnsembleVote<2;RS_Not_Leader;RSI_MACD_Confirm_Fail;LowConfidence(0.50),PASS,,,Close,Entry at Close (973.00),Stop 1.5x ATR below entry (ATR=12.92),Target 2.0R from entry (Risk=19.40),973.0,973.0,-0.6464542651592974,973.0,953.6,1011.8,12.921428571428562,19.399999999999977,PASS,,,Close,Entry at Close (974.30),Stop 1.5x ATR below entry (ATR=13.07),Target 2.0R from entry (Risk=19.60),980.3,980.3,-0.7790208354716123,974.3000000000001,954.7,1013.5,13.074999999999998,19.600000000000023
2025-12-23,BAJAJ-AUTO,CompositeScore,NSE_EQ|INE917I01010,4,BELOW,8995.26,8782.0,9421.8,2.0,142.179,52.26,True,False,7.5794,9.9799,-2.4005,False,True,False,False,RSI/MACD fail,Neutral,0,0,2025-09-08,2025-01-13,1,0,,"Selected via CompositeScore fallback (no active signals): ranked by score using RS_ROC20, RVOL20, Trend_OK, breakout flags. Entry=8995.26 (BELOW), Stop=8782.00 (ATR×1.5), Target=9421.80 (2R). RSI(14) ≥50 (bullish bias), MACD cross↑ & above zero with rising histogram; breakout at ",0.5,0.4,0.6,0.5,0.0,0,NoModel,No OOS data available,1,TSM,False,EnsembleVote<2;RS_Not_Leader;RSI_MACD_Confirm_Fail;LowConfidence(0.50),PASS,,,Close,Entry at Close (9135.00),Stop 1.5x ATR below entry (ATR=142.18),Target 2.0R from entry (Risk=213.25),9135.0,9135.0,-1.5297208538587823,9135.0,8921.75,9561.5,142.17857142857142,213.25,PASS,,,Close,Entry at Close (9164.00),Stop 1.5x ATR below entry (ATR=142.57),Target 2.0R from entry (Risk=213.85),9002.0,9002.0,-1.84133566128328,9164.0,8950.15,9591.7,142.57142857142858,213.85000000000036
2025-12-23,SBILIFE,CompositeScore,NSE_EQ|INE123W01016,20,BELOW,2010.01,1961.62,2106.78,2.0,32.257,62.57,True,False,15.6262,17.967,-2.3408,False,True,False,False,RSI/MACD fail,Neutral,0,0,2025-04-28,2024-12-09,1,0,,"Selected via CompositeScore fallback (no active signals): ranked by score using RS_ROC20, RVOL20, Trend_OK, breakout flags. Entry=2010.01 (BELOW), Stop=1961.62 (ATR×1.5), Target=2106.78 (2R). RSI(14) ≥50 (bullish bias), MACD cross↑ & above zero with rising histogram; breakout at ",0.5,0.4,0.6,0.5,0.0,0,NoModel,No OOS data available,1,TSM,False,EnsembleVote<2;RS_Not_Leader;RSI_MACD_Confirm_Fail;LowConfidence(0.50),PASS,,,Close,Entry at Close (2024.30),Stop 1.5x ATR below entry (ATR=32.26),Target 2.0R from entry (Risk=48.40),2024.3,2024.3,-0.7059230351232507,2024.3,1975.9,2121.1,32.25714285714282,48.40000000000009,PASS,,,Close,Entry at Close (2022.30),Stop 1.5x ATR below entry (ATR=32.72),Target 2.0R from entry (Risk=49.10),2028.4,2028.4,-0.6077238787519144,2022.3000000000002,1973.2,2120.5,32.72142857142853,49.100000000000136
2025-12-23,TATACONSUM,CompositeScore,NSE_EQ|INE192A01025,33,BELOW,1164.67,1134.37,1225.27,2.0,20.2,55.76,True,False,3.5108,0.6099,2.9009,False,True,False,False,RSI/MACD fail,Neutral,0,0,2025-04-25,2024-10-28,1,0,,"Selected via CompositeScore fallback (no active signals): ranked by score using RS_ROC20, RVOL20, Trend_OK, breakout flags. Entry=1164.67 (BELOW), Stop=1134.37 (ATR×1.5), Target=1225.27 (2R). RSI(14) ≥50 (bullish bias), MACD cross↑ & above zero with rising histogram; breakout at ",0.5,0.4,0.6,0.5,0.0,0,NoModel,No OOS data available,1,TSM,False,EnsembleVote<2;RS_Not_Leader;RSI_MACD_Confirm_Fail;LowConfidence(0.50),PASS,,,Close,Entry at Close (1177.90),Stop 1.5x ATR below entry (ATR=20.20),Target 2.0R from entry (Risk=30.30),1177.9,1177.9,-1.1231853298242649,1177.9,1147.6,1238.5,20.200000000000028,30.299999999999955,PASS,,,Close,Entry at Close (1178.80),Stop 1.5x ATR below entry (ATR=20.56),Target 2.0R from entry (Risk=30.85),1184.0,1184.0,-1.1986766202918122,1178.8,1147.95,1240.5,20.564285714285752,30.84999999999991
2025-12-23,NESTLEIND,CompositeScore,NSE_EQ|INE239A01024,34,BELOW,1243.3,1213.96,1301.97,2.0,19.557,48.26,False,False,-4.0012,-5.547,1.5458,False,False,False,False,RSI/MACD fail,Neutral,0,0,2025-10-27,2023-04-05,1,0,,"Selected via CompositeScore fallback (no active signals): ranked by score using RS_ROC20, RVOL20, Trend_OK, breakout flags. Entry=1243.30 (BELOW), Stop=1213.96 (ATR×1.5), Target=1301.97 (2R). RSI(14) ≥50 (bullish bias), MACD cross↑ & above zero with rising histogram; breakout at ",0.5,0.4,0.6,0.5,0.0,0,NoModel,No OOS data available,1,TSM,False,EnsembleVote<2;RS_Not_Leader;RSI_MACD_Confirm_Fail;LowConfidence(0.50),PASS,,,Close,Entry at Close (1254.50),Stop 1.5x ATR below entry (ATR=19.56),Target 2.0R from entry (Risk=29.35),1254.5,1254.5,-0.8927859705061815,1254.5,1225.15,1313.2,19.557142857142885,29.34999999999991,PASS,,,Close,Entry at Close (1257.20),Stop 1.5x ATR below entry (ATR=19.80),Target 2.0R from entry (Risk=29.70),1244.4,1244.4,-1.1056315622017252,1257.2,1227.5,1316.6000000000001,19.80000000000004,29.700000000000045
2025-12-23,ONGC,CompositeScore,NSE_EQ|INE213A01029,174,BELOW,238.74,233.02,250.19,2.0,3.816,35.82,False,False,-3.518,-3.1256,-0.3925,False,False,False,False,RSI/MACD fail,Neutral,0,0,2025-11-12,2025-12-03,0,0,,"Selected via CompositeScore fallback (no active signals): ranked by score using RS_ROC20, RVOL20, Trend_OK, breakout flags. Entry=238.74 (BELOW), Stop=233.02 (ATR×1.5), Target=250.19 (2R). RSI(14) ≥50 (bullish bias), MACD cross↑ & above zero with rising histogram; breakout at Don",0.5,0.4,0.6,0.5,0.0,0,NoModel,No OOS data available,0,,False,EnsembleVote<2;RegimeFail;RS_Not_Leader;RSI_MACD_Confirm_Fail;LowConfidence(0.50),PASS,,,Close,Entry at Close (236.57),Stop 1.5x ATR below entry (ATR=3.82),Target 2.0R from entry (Risk=5.70),236.57,236.57,0.9172760705076788,236.55,230.85,247.95,3.81642857142857,5.699999999999989,PASS,,,Close,Entry at Close (234.18),Stop 1.5x ATR below entry (ATR=3.64),Target 2.0R from entry (Risk=5.45),232.89,232.89,1.9472200871124785,234.20000000000002,228.75,245.10000000000002,3.6378571428571393,5.450000000000017
2025-12-23,WIPRO,CompositeScore,NSE_EQ|INE075A01022,160,BELOW,258.13,251.89,270.61,2.0,4.161,80.86,True,True,5.0808,4.2096,0.8712,False,True,False,False,RSI/MACD fail,Overbought,0,0,2024-08-28,2025-04-08,0,1,,"Selected via CompositeScore fallback (no active signals): ranked by score using RS_ROC20, RVOL20, Trend_OK, breakout flags. Entry=258.13 (BELOW), Stop=251.89 (ATR×1.5), Target=270.61 (2R). RSI(14) ≥50 (bullish bias), MACD cross↑ & above zero with rising histogram; breakout at Don",0.5,0.4,0.6,0.5,0.0,0,NoModel,No OOS data available,0,,False,EnsembleVote<2;RegimeFail;RSI_MACD_Confirm_Fail;LowConfidence(0.50);Audit_FAIL,FAIL,ENTRY deviates 4.8% from canonical (271.10),Use canonical ENTRY=271.10 from Close; Ensure all prices are tick-rounded to NSE EQ standard (₹0.05),Close,Entry at Close (271.10),Stop 1.5x ATR below entry (ATR=4.16),Target 2.0R from entry (Risk=6.25),271.1,271.1,-4.784212467724096,271.1,264.85,283.6,4.160714285714284,6.25,FAIL,ENTRY deviates 5.3% from canonical (272.65),Use canonical ENTRY=272.65 from Close; Ensure all prices are tick-rounded to NSE EQ standard (₹0.05),Close,Entry at Close (272.67),Stop 1.5x ATR below entry (ATR=4.23),Target 2.0R from entry (Risk=6.35),264.45,264.45,-5.332453148494524,272.65000000000003,266.3,285.35,4.234285714285714,6.350000000000023
